USE QUANLYBENHVIEN



-------------------------INSERT TAI KHOAN------------------------------
USE QUANLYBENHVIEN

INSERT INTO TAIKHOAN VALUES ('nguyenvanbinhNV001','bvuFbrUHtRMQaNXqQKR8Hg==','NV001','NV')
INSERT INTO TAIKHOAN VALUES ('tranthuhangM002','ZW8AH23g7cVKMtrGhDay7A==','M002','QL')
INSERT INTO TAIKHOAN VALUES ('ngoclinhhanNV008','mmCW7Puz0jtC9wOzkEWZ2Q==','NV008','NV')


USE QUANLYBENHVIEN

------------INSERT PHONG-------------------------------
INSERT INTO PHONG VALUES ('PHG01',1,'Phòng A',10)
INSERT INTO PHONG VALUES ('PHG02',3,'Phòng B',15)
INSERT INTO PHONG VALUES ('PHG03',4,'Phòng C',20)
INSERT INTO PHONG VALUES ('PHG04',7,'Phòng D',12)
INSERT INTO PHONG VALUES ('PHG05',9,'Phòng E',18)

GO

USE QUANLYBENHVIEN

SET DATEFORMAT DMY

--------------------INSERT KHOA-------------------------
INSERT INTO KHOA VALUES ('K001',N'Khoa Nội Tiêu Hóa','12/05/2020',null)
INSERT INTO KHOA VALUES ('K002',N'Khoa Tim Mạch','30/10/2019', null)
INSERT INTO KHOA VALUES ('K003',N'Khoa Ngoại Chấn Thương','20/03/2021', null)
INSERT INTO KHOA VALUES ('K004',N'Khoa Phục Hồi Chức Năng','15/01/2022', null)


GO

USE QUANLYBENHVIEN

SET DATEFORMAT DMY

---------------------INSERT YSI VALUES ------------------------
INSERT INTO YSI VALUES ('M001', 'K001', 'PHG01', N'Nguyễn Văn An', 'Nam', '03/03/2001', '12/03/2021', N'Bác sĩ chuyên khoa', null)
INSERT INTO YSI VALUES ('M002', 'K002', 'PHG02', N'Nguyễn Văn Thanh', 'Nam', '11/02/1990', '10/09/2022', N'Điều dưỡng', null)
INSERT INTO YSI VALUES ('M003', 'K003', 'PHG03', N'Trần Kim Tuyền', N'Nữ', '09/02/1992', '08/01/2021', N'Bác sĩ chuyên khoa', null)
INSERT INTO YSI VALUES ('M004', 'K004', 'PHG04', N'Trần Văn Thành', 'Nam', '12/12/1995', '18/02/2021', N'Bác sĩ chuyên khoa', null)
INSERT INTO YSI VALUES ('M005', 'K002', 'PHG05', N'Bùi Văn Nam', 'Nam', '19/12/1998', '18/08/2023', N'Bác sĩ chuyên khoa', null)


UPDATE KHOA SET TRUONGKHOA = 'M001' WHERE (MAKHOA = 'K001')
UPDATE KHOA SET TRUONGKHOA = 'M005' WHERE (MAKHOA = 'K002')
UPDATE KHOA SET TRUONGKHOA = 'M003' WHERE (MAKHOA = 'K003')
UPDATE KHOA SET TRUONGKHOA = 'M004' WHERE (MAKHOA = 'K004')


UPDATE YSI SET MACHIHUY = 'M001' WHERE (MAYSI = 'M002')

----------------------INSERT BENHNHAN---------------------------
INSERT BENHNHAN (MABENHNHAN, HOTEN, GIOITINH, MAPHONG, NGAYSINH, NGAYNHAPVIEN, DIACHI, MABHYT) VALUES ('BN001',N'Nguyễn Văn An','Nam','PHG01','12/5/2000','12/4/2021',N'Quận x thành phố y','BH001')
INSERT BENHNHAN (MABENHNHAN, HOTEN, GIOITINH, MAPHONG, NGAYSINH, NGAYNHAPVIEN, DIACHI, MABHYT) VALUES ('BN002',N'Trần Thị Thủy',N'Nữ','PHG02','23/5/1999','2/4/2022',N'Quận x thành phố y','BH002')
INSERT BENHNHAN (MABENHNHAN, HOTEN, GIOITINH, MAPHONG, NGAYSINH, NGAYNHAPVIEN, DIACHI, MABHYT) VALUES ('BN003',N'Lê Văn Cẩn',N'Nam','PHG03','24/3/2010','13/4/2023',N'Quận x thành phố y','BH003')
INSERT BENHNHAN (MABENHNHAN, HOTEN, GIOITINH, MAPHONG, NGAYSINH, NGAYNHAPVIEN, DIACHI, MABHYT) VALUES ('BN004',N'Phạm Thị Thúy',N'Nữ','PHG04','12/5/2005','31/1/2021',N'Quận x thành phố y','BH004')

GO  

-----------------------INSERT DICH VU-----------------------------------
INSERT INTO DICHVU VALUES ('DV001',N'Khám chữa bệnh',50000)
INSERT INTO DICHVU VALUES ('DV002',N'Xét nghiệm',10000)
INSERT INTO DICHVU VALUES ('DV003',N'Hồi sức',200000)


USE QUANLYBENHVIEN

----------------------INSERT BENH AN-----------------------------
INSERT INTO BENHAN VALUES ('BA001','M001','BN001','DV002',N'Trĩ nội, cần theo dõi thêm',10000)
INSERT INTO BENHAN VALUES ('BA002','M003','BN002','DV001',N'Viêm hô hấp cấp',50000)
INSERT INTO BENHAN VALUES ('BA003','M005','BN003','DV001',N'Viêm xoang',10000)
INSERT INTO BENHAN VALUES ('BA004','M003','BN004','DV003',N'Run vô căn',200000)


GO


-------------------------INSERT LICH KHAM------------------------

INSERT INTO LICHKHAM VALUES ('LK001','M001','BN001','PHG01','DV001','12/3/2022','10/3/2022')
INSERT INTO LICHKHAM VALUES ('LK002','M002','BN002','PHG02','DV002','15/5/2023','10/5/2023')
INSERT INTO LICHKHAM VALUES ('LK003','M003','BN003','PHG03','DV003','14/6/2021','10/6/2021')
INSERT INTO LICHKHAM VALUES ('LK004','M004','BN004','PHG04','DV002','12/5/2020','10/5/2020')

GO

-----------------------INSERT DON THUOC-----------------------------

INSERT INTO DONTHUOC VALUES ('DT001','BA001',N'1 vỉ thuốc A, uống sau mỗi bữa ăn')
INSERT INTO DONTHUOC VALUES ('DT002','BA002',N'12 ống B, uống vào mỗi sáng')
INSERT INTO DONTHUOC VALUES ('DT003','BA003',N'12 viên thuốc C, uống 2 ngày một lần')
INSERT INTO DONTHUOC VALUES ('DT004','BA004',N'6 viên thuốc D, uống trong 1 tuần')

GO
